diagnosis,Range,Mean,Median,SD
B,10.869000000000002,12.14652380952381,12.2,1.7805116461410393
M,17.16,17.462830188679245,17.325000000000003,3.203971100779367
